{
  "numExecutions": 3,
  "ScriptDuration": {
    "withTags": 0.0008090000000000001,
    "withoutTags": 0.0006946666666666667,
    "difference": 0.00011433333333333347,
    "cutMetricPercentage": 0.1413267408323034,
    "percentFasterWithoutTags": "707.580174927113%"
  },
  "TaskDuration": {
    "withTags": 0.03335266666666667,
    "withoutTags": 0.034507333333333334,
    "difference": -0.001154666666666665,
    "cutMetricPercentage": -0.034619920446141185,
    "percentFasterWithoutTags": "-2888.510392609704%"
  },
  "DOMComplete": {
    "withTags": 427.6666666666667,
    "withoutTags": 428,
    "difference": -0.3333333333333144,
    "cutMetricPercentage": -0.0007794232268121147,
    "percentFasterWithoutTags": "-128300.0000000073%"
  },
  "DOMInteractive": {
    "withTags": 427.3333333333333,
    "withoutTags": 427.6666666666667,
    "difference": -0.33333333333337123,
    "cutMetricPercentage": -0.0007800312012481386,
    "percentFasterWithoutTags": "-128199.99999998542%"
  },
  "DOMLoading": {
    "withTags": 411.6666666666667,
    "withoutTags": 408.6666666666667,
    "difference": 3,
    "cutMetricPercentage": 0.0072874493927125505,
    "percentFasterWithoutTags": "13722.222222222223%"
  },
  "FirstContentfulPaint": {
    "withTags": 450.99999999751645,
    "withoutTags": 442.7999999995033,
    "difference": 8.19999999801314,
    "cutMetricPercentage": 0.01818181817751285,
    "percentFasterWithoutTags": "5500.000001302362%"
  },
  "thirdPartyJsRequests": [],
  "numJsRequests": 0,
  "numThirdPartyJsRequests": 0,
  "numFirstPartyJsRequests": 0,
  "numUnique3pHosts": 0,
  "totalJsBytes": 0,
  "totalDnsTime": 0,
  "totalSslTime": 0,
  "totalTime": 0,
  "totalFirstPartyDnsTime": 0,
  "totalFirstPartySslTime": 0,
  "totalFirstPartyTime": 0,
  "totalFirstPartyJsBytes": 0,
  "totalThirdPartyDnsTime": 0,
  "totalThirdPartySslTime": 0,
  "totalThirdPartyTime": 0,
  "totalThirdPartyJsBytes": 0,
  "percentOfThirdPartyJsRequestTimeIsDnsOrSsl": null,
  "percentOfJsRequestTimeIs3p": null,
  "percentOfJsIs3p": null
}