{
  "numExecutions": 3,
  "ScriptDuration": {
    "withTags": 0.065314,
    "withoutTags": 0.06728400000000001,
    "difference": -0.0019700000000000134,
    "cutMetricPercentage": -0.03016198671035327,
    "percentFasterWithoutTags": "-3315.4314720811954%"
  },
  "TaskDuration": {
    "withTags": 0.6331236666666668,
    "withoutTags": 0.401021,
    "difference": 0.23210266666666673,
    "cutMetricPercentage": 0.3665992583860658,
    "percentFasterWithoutTags": "272.7774203369773%"
  },
  "DOMComplete": {
    "withTags": 1372.3333333333333,
    "withoutTags": 1259.6666666666667,
    "difference": 112.66666666666652,
    "cutMetricPercentage": 0.0820986154967208,
    "percentFasterWithoutTags": "1218.0473372781082%"
  },
  "DOMInteractive": {
    "withTags": 789,
    "withoutTags": 736.3333333333334,
    "difference": 52.66666666666663,
    "cutMetricPercentage": 0.06675116180819599,
    "percentFasterWithoutTags": "1498.101265822786%"
  },
  "DOMLoading": {
    "withTags": 572.6666666666666,
    "withoutTags": 507.3333333333333,
    "difference": 65.33333333333331,
    "cutMetricPercentage": 0.11408614668218857,
    "percentFasterWithoutTags": "876.5306122448982%"
  },
  "FirstContentfulPaint": {
    "withTags": 760.46666666617,
    "withoutTags": 648.96666666617,
    "difference": 111.5,
    "cutMetricPercentage": 0.14662049618664788,
    "percentFasterWithoutTags": "682.0328849023946%"
  },
  "thirdPartyJsRequests": [],
  "numJsRequests": 0,
  "numThirdPartyJsRequests": 0,
  "numFirstPartyJsRequests": 0,
  "numUnique3pHosts": 0,
  "totalJsBytes": 0,
  "totalDnsTime": 0,
  "totalSslTime": 0,
  "totalTime": 0,
  "totalFirstPartyDnsTime": 0,
  "totalFirstPartySslTime": 0,
  "totalFirstPartyTime": 0,
  "totalFirstPartyJsBytes": 0,
  "totalThirdPartyDnsTime": 0,
  "totalThirdPartySslTime": 0,
  "totalThirdPartyTime": 0,
  "totalThirdPartyJsBytes": 0,
  "percentOfThirdPartyJsRequestTimeIsDnsOrSsl": null,
  "percentOfJsRequestTimeIs3p": null,
  "percentOfJsIs3p": null
}