{
  "numExecutions": 3,
  "ScriptDuration": {
    "withTags": 0.00028833333333333337,
    "withoutTags": 0.00028933333333333334,
    "difference": -9.9999999999997e-7,
    "cutMetricPercentage": 1.0034682080924855,
    "percentFasterWithoutTags": "-28833.3333333342%"
  },
  "TaskDuration": {
    "withTags": 0.024911000000000003,
    "withoutTags": 0.024146,
    "difference": 0.0007650000000000018,
    "cutMetricPercentage": 0.9692906748022961,
    "percentFasterWithoutTags": "3256.339869281039%"
  },
  "DOMComplete": {
    "withTags": 103.66666666666667,
    "withoutTags": 114.66666666666667,
    "difference": -11,
    "cutMetricPercentage": 1.1061093247588425,
    "percentFasterWithoutTags": "-942.4242424242424%"
  },
  "DOMInteractive": {
    "withTags": 103,
    "withoutTags": 114.33333333333333,
    "difference": -11.333333333333329,
    "cutMetricPercentage": 1.110032362459547,
    "percentFasterWithoutTags": "-908.823529411765%"
  },
  "DOMLoading": {
    "withTags": 97.33333333333333,
    "withoutTags": 105.33333333333333,
    "difference": -8,
    "cutMetricPercentage": 1.082191780821918,
    "percentFasterWithoutTags": "-1216.6666666666665%"
  },
  "FirstContentfulPaint": {
    "withTags": 123.59999999900658,
    "withoutTags": 131.06666666517654,
    "difference": -7.466666666169957,
    "cutMetricPercentage": 1.0604099244840612,
    "percentFasterWithoutTags": "-1655.3571429539588%"
  },
  "thirdPartyJsRequests": [],
  "numJsRequests": 0,
  "numThirdPartyJsRequests": 0,
  "numFirstPartyJsRequests": 0,
  "numUnique3pHosts": 0,
  "totalJsBytes": 0,
  "totalDnsTime": 0,
  "totalSslTime": 0,
  "totalTime": 0,
  "totalFirstPartyDnsTime": 0,
  "totalFirstPartySslTime": 0,
  "totalFirstPartyTime": 0,
  "totalFirstPartyJsBytes": 0,
  "totalThirdPartyDnsTime": 0,
  "totalThirdPartySslTime": 0,
  "totalThirdPartyTime": 0,
  "totalThirdPartyJsBytes": 0,
  "percentOfThirdPartyJsRequestTimeIsDnsOrSsl": null,
  "percentOfJsRequestTimeIs3p": null,
  "percentOfJsIs3p": null
}