{
  "numExecutions": 3,
  "ScriptDuration": {
    "withTags": 0.0004823333333333333,
    "withoutTags": 0.0002923333333333334,
    "difference": 0.0001899999999999999,
    "cutMetricPercentage": 0.6060815480304079,
    "percentFasterWithoutTags": "253.85964912280713%"
  },
  "TaskDuration": {
    "withTags": 0.029133333333333334,
    "withoutTags": 0.023982,
    "difference": 0.005151333333333334,
    "cutMetricPercentage": 0.8231807780320366,
    "percentFasterWithoutTags": "565.5493723307881%"
  },
  "DOMComplete": {
    "withTags": 104,
    "withoutTags": 106.33333333333333,
    "difference": -2.3333333333333286,
    "cutMetricPercentage": 1.0224358974358974,
    "percentFasterWithoutTags": "-4457.142857142866%"
  },
  "DOMInteractive": {
    "withTags": 103.66666666666667,
    "withoutTags": 106.33333333333333,
    "difference": -2.666666666666657,
    "cutMetricPercentage": 1.0257234726688103,
    "percentFasterWithoutTags": "-3887.500000000014%"
  },
  "DOMLoading": {
    "withTags": 93,
    "withoutTags": 97,
    "difference": -4,
    "cutMetricPercentage": 1.043010752688172,
    "percentFasterWithoutTags": "-2325%"
  },
  "FirstContentfulPaint": {
    "withTags": 122.96666666865349,
    "withoutTags": 123.43333333482344,
    "difference": -0.46666666616995656,
    "cutMetricPercentage": 1.0037950664095616,
    "percentFasterWithoutTags": "-26350.000028472128%"
  },
  "thirdPartyJsRequests": [],
  "numJsRequests": 0,
  "numThirdPartyJsRequests": 0,
  "numFirstPartyJsRequests": 0,
  "numUnique3pHosts": 0,
  "totalJsBytes": 0,
  "totalDnsTime": 0,
  "totalSslTime": 0,
  "totalTime": 0,
  "totalFirstPartyDnsTime": 0,
  "totalFirstPartySslTime": 0,
  "totalFirstPartyTime": 0,
  "totalFirstPartyJsBytes": 0,
  "totalThirdPartyDnsTime": 0,
  "totalThirdPartySslTime": 0,
  "totalThirdPartyTime": 0,
  "totalThirdPartyJsBytes": 0,
  "percentOfThirdPartyJsRequestTimeIsDnsOrSsl": null,
  "percentOfJsRequestTimeIs3p": null,
  "percentOfJsIs3p": null
}