{
  "numExecutions": 3,
  "ScriptDuration": {
    "withTags": 0.0003733333333333334,
    "withoutTags": 0.00045966666666666665,
    "difference": -0.00008633333333333328,
    "cutMetricPercentage": 1.2312499999999997,
    "percentFasterWithoutTags": "-432.43243243243273%"
  },
  "TaskDuration": {
    "withTags": 0.068303,
    "withoutTags": 0.08592133333333334,
    "difference": -0.017618333333333333,
    "cutMetricPercentage": 1.2579437701613887,
    "percentFasterWithoutTags": "-387.68139248888474%"
  },
  "DOMComplete": {
    "withTags": 508.6666666666667,
    "withoutTags": 483,
    "difference": 25.666666666666686,
    "cutMetricPercentage": 0.9495412844036697,
    "percentFasterWithoutTags": "1981.8181818181806%"
  },
  "DOMInteractive": {
    "withTags": 508,
    "withoutTags": 482.3333333333333,
    "difference": 25.666666666666686,
    "cutMetricPercentage": 0.9494750656167978,
    "percentFasterWithoutTags": "1979.2207792207776%"
  },
  "DOMLoading": {
    "withTags": 496,
    "withoutTags": 466.3333333333333,
    "difference": 29.666666666666686,
    "cutMetricPercentage": 0.9401881720430108,
    "percentFasterWithoutTags": "1671.9101123595492%"
  },
  "FirstContentfulPaint": {
    "withTags": 547.2333333318433,
    "withoutTags": 519.9333333323399,
    "difference": 27.29999999950337,
    "cutMetricPercentage": 0.9501126880680191,
    "percentFasterWithoutTags": "2004.5177045487114%"
  },
  "thirdPartyJsRequests": [],
  "numJsRequests": 0,
  "numThirdPartyJsRequests": 0,
  "numFirstPartyJsRequests": 0,
  "numUnique3pHosts": 0,
  "totalJsBytes": 0,
  "totalDnsTime": 0,
  "totalSslTime": 0,
  "totalTime": 0,
  "totalFirstPartyDnsTime": 0,
  "totalFirstPartySslTime": 0,
  "totalFirstPartyTime": 0,
  "totalFirstPartyJsBytes": 0,
  "totalThirdPartyDnsTime": 0,
  "totalThirdPartySslTime": 0,
  "totalThirdPartyTime": 0,
  "totalThirdPartyJsBytes": 0,
  "percentOfThirdPartyJsRequestTimeIsDnsOrSsl": null,
  "percentOfJsRequestTimeIs3p": null,
  "percentOfJsIs3p": null
}