{
  "numThirdPartyTags": 76,
  "totalOriginalByteSize": 5941330,
  "totalMinifiedByteSize": 5616217,
  "percentBytesSaved": 0.054720576032639155,
  "withTagsafeAverages": {
    "totalJsNetworkTime": 23702.02000002861,
    "serverResponseTime": 297,
    "domProcessingTime": 249.2,
    "domInteractiveTime": 1643.2,
    "domContentLoadedTime": 5955,
    "firstContentfulPaint": 1570.5199999988079,
    "loadTime": 72.6,
    "pageLoadTime": 8302.6,
    "pageUnloadTime": 0
  },
  "withoutTagsafeAverages": {
    "totalJsNetworkTime": 29669.020000034572,
    "serverResponseTime": 176.8,
    "domProcessingTime": 326.4,
    "domInteractiveTime": 1403.2,
    "domContentLoadedTime": 5486.6,
    "firstContentfulPaint": 1382.9599999964237,
    "loadTime": 71.4,
    "pageLoadTime": 7442.2,
    "pageUnloadTime": 0
  },
  "averageTagsafeSavings": {
    "totalJsNetworkTime": 5967.000000005963,
    "totalJsNetworkTimePercentSavings": "20.1118877536198%",
    "serverResponseTime": -120.19999999999999,
    "serverResponseTimePercentSavings": "-67.9864253393665%",
    "domProcessingTime": 77.19999999999999,
    "domProcessingTimePercentSavings": "23.651960784313726%",
    "domInteractiveTime": -240,
    "domInteractiveTimePercentSavings": "-17.10376282782212%",
    "domContentLoadedTime": -468.39999999999964,
    "domContentLoadedTimePercentSavings": "-8.537163270513608%",
    "firstContentfulPaint": -187.5600000023842,
    "firstContentfulPaintPercentSavings": "-13.562214380956009%",
    "loadTime": -1.1999999999999886,
    "loadTimePercentSavings": "-1.680672268907547%",
    "pageLoadTime": -860.4000000000005,
    "pageLoadTimePercentSavings": "-11.561097524925433%",
    "pageUnloadTime": 0,
    "pageUnloadTimePercentSavings": "NaN%"
  },
  "withTagsafeMedians": {
    "totalJsNetworkTime": 22951.900000095367,
    "serverResponseTime": 130,
    "domProcessingTime": 247,
    "domInteractiveTime": 1591,
    "domContentLoadedTime": 5157,
    "firstContentfulPaint": 1473.7000000178814,
    "loadTime": 69,
    "pageLoadTime": 7338,
    "pageUnloadTime": 0
  },
  "withoutTagsafeMedians": {
    "totalJsNetworkTime": 29470.899999976158,
    "serverResponseTime": 161,
    "domProcessingTime": 318,
    "domInteractiveTime": 1450,
    "domContentLoadedTime": 5287,
    "firstContentfulPaint": 1324.9000000059605,
    "loadTime": 73,
    "pageLoadTime": 7473,
    "pageUnloadTime": 0
  },
  "medianTagsafeSavings": {
    "totalJsNetworkTime": 6518.999999880791,
    "totalJsNetworkTimePercentSavings": "22.12012527573323%",
    "serverResponseTime": 31,
    "serverResponseTimePercentSavings": "19.25465838509317%",
    "domProcessingTime": 71,
    "domProcessingTimePercentSavings": "22.32704402515723%",
    "domInteractiveTime": -141,
    "domInteractiveTimePercentSavings": "-9.724137931034482%",
    "domContentLoadedTime": 130,
    "domContentLoadedTimePercentSavings": "2.4588613580480425%",
    "firstContentfulPaint": -148.80000001192093,
    "firstContentfulPaintPercentSavings": "-11.231036305475998%",
    "loadTime": 4,
    "loadTimePercentSavings": "5.47945205479452%",
    "pageLoadTime": 135,
    "pageLoadTimePercentSavings": "1.8065034122842234%",
    "pageUnloadTime": 0,
    "pageUnloadTimePercentSavings": "NaN%"
  }
}