{
  "numThirdPartyTags": 50,
  "totalOriginalByteSize": 4461871,
  "totalMinifiedByteSize": 4172338,
  "percentBytesSaved": 0.06489049100702374,
  "withTagsafeAverages": {
    "totalJsNetworkTime": 7995.2799999833105,
    "serverResponseTime": 143.2,
    "domProcessingTime": 145.8,
    "domInteractiveTime": 1174.6,
    "domContentLoadedTime": 2617.8,
    "firstContentfulPaint": 1672.4599999964237,
    "loadTime": 23.2,
    "pageLoadTime": 4148.2,
    "pageUnloadTime": 0
  },
  "withoutTagsafeAverages": {
    "totalJsNetworkTime": 25574.899999982117,
    "serverResponseTime": 171.8,
    "domProcessingTime": 165.6,
    "domInteractiveTime": 1232,
    "domContentLoadedTime": 4271.4,
    "firstContentfulPaint": 1754.0800000071526,
    "loadTime": 36.8,
    "pageLoadTime": 5878.2,
    "pageUnloadTime": 0
  },
  "averageTagsafeSavings": {
    "totalJsNetworkTime": 17579.619999998806,
    "totalJsNetworkTimePercentSavings": "68.737785876039%",
    "serverResponseTime": 28.600000000000023,
    "serverResponseTimePercentSavings": "16.647264260768345%",
    "domProcessingTime": 19.799999999999983,
    "domProcessingTimePercentSavings": "11.956521739130425%",
    "domInteractiveTime": 57.40000000000009,
    "domInteractiveTimePercentSavings": "4.659090909090916%",
    "domContentLoadedTime": 1653.5999999999995,
    "domContentLoadedTimePercentSavings": "38.71330243011658%",
    "firstContentfulPaint": 81.62000001072897,
    "firstContentfulPaintPercentSavings": "4.653151510215962%",
    "loadTime": 13.599999999999998,
    "loadTimePercentSavings": "36.95652173913043%",
    "pageLoadTime": 1730,
    "pageLoadTimePercentSavings": "29.430778129359332%",
    "pageUnloadTime": 0,
    "pageUnloadTimePercentSavings": "NaN%"
  },
  "withTagsafeMedians": {
    "totalJsNetworkTime": 7619.400000095367,
    "serverResponseTime": 144,
    "domProcessingTime": 126,
    "domInteractiveTime": 1097,
    "domContentLoadedTime": 2883,
    "firstContentfulPaint": 1640.2999999821186,
    "loadTime": 19,
    "pageLoadTime": 4238,
    "pageUnloadTime": 0
  },
  "withoutTagsafeMedians": {
    "totalJsNetworkTime": 13646.200000107288,
    "serverResponseTime": 169,
    "domProcessingTime": 158,
    "domInteractiveTime": 1118,
    "domContentLoadedTime": 4579,
    "firstContentfulPaint": 1592.5,
    "loadTime": 22,
    "pageLoadTime": 5998,
    "pageUnloadTime": 0
  },
  "medianTagsafeSavings": {
    "totalJsNetworkTime": 6026.800000011921,
    "totalJsNetworkTimePercentSavings": "44.16467588020502%",
    "serverResponseTime": 25,
    "serverResponseTimePercentSavings": "14.792899408284024%",
    "domProcessingTime": 32,
    "domProcessingTimePercentSavings": "20.253164556962027%",
    "domInteractiveTime": 21,
    "domInteractiveTimePercentSavings": "1.8783542039355994%",
    "domContentLoadedTime": 1696,
    "domContentLoadedTimePercentSavings": "37.03865472810657%",
    "firstContentfulPaint": -47.79999998211861,
    "firstContentfulPaintPercentSavings": "-3.0015698575898657%",
    "loadTime": 3,
    "loadTimePercentSavings": "13.636363636363635%",
    "pageLoadTime": 1760,
    "pageLoadTimePercentSavings": "29.34311437145715%",
    "pageUnloadTime": 0,
    "pageUnloadTimePercentSavings": "NaN%"
  }
}