{
  "numThirdPartyTags": 59,
  "totalOriginalByteSize": 3281614,
  "totalMinifiedByteSize": 2990442,
  "percentBytesSaved": 0.08872829040831737,
  "withTagsafeAverages": {
    "totalJsNetworkTime": 13361.739999932051,
    "serverResponseTime": 152.6,
    "domProcessingTime": 40.4,
    "domInteractiveTime": 1928.6,
    "domContentLoadedTime": 2430,
    "firstContentfulPaint": 3961.440000003576,
    "loadTime": 133.2,
    "pageLoadTime": 5603.6,
    "pageUnloadTime": 0
  },
  "withoutTagsafeAverages": {
    "totalJsNetworkTime": 21758.019999933244,
    "serverResponseTime": 186.4,
    "domProcessingTime": 27,
    "domInteractiveTime": 2175.8,
    "domContentLoadedTime": 3549.8,
    "firstContentfulPaint": 3903.2199999928475,
    "loadTime": 184,
    "pageLoadTime": 7046.4,
    "pageUnloadTime": 0
  },
  "averageTagsafeSavings": {
    "totalJsNetworkTime": 8396.280000001192,
    "totalJsNetworkTimePercentSavings": "38.58935693609507%",
    "serverResponseTime": 33.80000000000001,
    "serverResponseTimePercentSavings": "18.133047210300436%",
    "domProcessingTime": -13.399999999999999,
    "domProcessingTimePercentSavings": "-49.629629629629626%",
    "domInteractiveTime": 247.20000000000027,
    "domInteractiveTimePercentSavings": "11.361338358305002%",
    "domContentLoadedTime": 1119.8000000000002,
    "domContentLoadedTimePercentSavings": "31.545439179672098%",
    "firstContentfulPaint": -58.220000010728654,
    "firstContentfulPaintPercentSavings": "-1.491588996029825%",
    "loadTime": 50.80000000000001,
    "loadTimePercentSavings": "27.60869565217392%",
    "pageLoadTime": 1442.7999999999993,
    "pageLoadTimePercentSavings": "20.475703905540406%",
    "pageUnloadTime": 0,
    "pageUnloadTimePercentSavings": "NaN%"
  },
  "withTagsafeMedians": {
    "totalJsNetworkTime": 12273.799999892712,
    "serverResponseTime": 100,
    "domProcessingTime": 43,
    "domInteractiveTime": 1814,
    "domContentLoadedTime": 2397,
    "firstContentfulPaint": 2986.4000000059605,
    "loadTime": 148,
    "pageLoadTime": 4790,
    "pageUnloadTime": 0
  },
  "withoutTagsafeMedians": {
    "totalJsNetworkTime": 15012.59999999404,
    "serverResponseTime": 95,
    "domProcessingTime": 29,
    "domInteractiveTime": 1770,
    "domContentLoadedTime": 2534,
    "firstContentfulPaint": 3298.7999999821186,
    "loadTime": 145,
    "pageLoadTime": 5311,
    "pageUnloadTime": 0
  },
  "medianTagsafeSavings": {
    "totalJsNetworkTime": 2738.800000101328,
    "totalJsNetworkTimePercentSavings": "18.24334225985116%",
    "serverResponseTime": -5,
    "serverResponseTimePercentSavings": "-5.263157894736842%",
    "domProcessingTime": -14,
    "domProcessingTimePercentSavings": "-48.275862068965516%",
    "domInteractiveTime": -44,
    "domInteractiveTimePercentSavings": "-2.4858757062146895%",
    "domContentLoadedTime": 137,
    "domContentLoadedTimePercentSavings": "5.406471981057616%",
    "firstContentfulPaint": 312.39999997615814,
    "firstContentfulPaintPercentSavings": "9.470110342483677%",
    "loadTime": -3,
    "loadTimePercentSavings": "-2.0689655172413794%",
    "pageLoadTime": 521,
    "pageLoadTimePercentSavings": "9.809828657503294%",
    "pageUnloadTime": 0,
    "pageUnloadTimePercentSavings": "NaN%"
  }
}