{
  "SmileDirectClub": {
    "DOMCompleteImpact": ["45%", "41%"],
    "DOMInteractiveImpact": ["19%", "21%"],
    "ScriptDurationImpact": ["68%", "76%"],
    "percentOfThirdPartyJsRequestTimeIsDnsOrSsl": [91, 39, 33],
    "percentOfJsRequestTimeIs3p": [90, 49, 35],
    "percentOfJsIs3p": [44, 44, 44]
  },
  "Manscaped": {
      "ScriptDuration": [42.4793667541235],
      "TaskDuration": [45.59930943367711],
      "DOMComplete": [28.627935723114955],
      "DOMInteractive": [54.84764542936288, 52],
      "FirstContentfulPaint": [25.832669321759287],
      "percentOfThirdPartyJsRequestTimeIsDnsOrSsl": 62.87357756455445,
      "percentOfJsRequestTimeIs3p": 84.43465321469604,
      "percentOfJsIs3p": 66.57026076251786,
      "numJsRequests": 88,
      "numThirdPartyJsRequests": 57,
      "numFirstPartyJsRequests": 31
  }
}